CustomerID,CustomerName,Gender,Age,Occupation,IncomeGroup
C0001,Karan Kapoor,Female,59,Business Owner,Middle
C0002,Arjun Joshi,Female,58,Software Engineer,Upper Middle
C0003,Pooja Verma,Female,52,Business Owner,Middle
C0004,Pooja Kulkarni,Male,24,Consultant,Middle
C0005,Amit Nair,Female,36,Teacher,Upper Middle
C0006,Anjali Gupta,Male,29,Doctor,Upper Middle
C0007,Pooja Kulkarni,Male,65,CA,Upper Middle
C0008,Arjun Patil,Female,57,Consultant,Middle
C0009,Neha Verma,Female,23,CA,Upper Middle
C0010,Sneha Nair,Female,36,Teacher,Upper Middle
C0011,Amit Nair,Female,24,Consultant,Upper Middle
C0012,Amit Kapoor,Male,30,Teacher,High
C0013,Priya Kulkarni,Female,65,CA,High
C0014,Rohan Nair,Female,47,Software Engineer,Upper Middle
C0015,Rahul Iyer,Female,36,Software Engineer,Upper Middle
C0016,Priya Patil,Female,55,Teacher,Upper Middle
C0017,Rohan Kapoor,Female,33,CA,High
C0018,Amit Iyer,Male,55,Teacher,Low
C0019,Amit Verma,Male,33,CA,Upper Middle
C0020,Sneha Kulkarni,Male,32,Software Engineer,Middle
C0021,Neha Patil,Male,27,Doctor,Middle
C0022,Rohan Patil,Male,24,Doctor,Upper Middle
C0023,Neha Sharma,Male,61,Teacher,High
C0024,Rohan Kapoor,Female,59,Business Owner,High
C0025,Rahul Verma,Female,65,CA,Middle
C0026,Rohan Kapoor,Female,37,Software Engineer,Low
C0027,Anjali Iyer,Female,32,Doctor,Middle
C0028,Sneha Verma,Male,56,Lawyer,Low
C0029,Rahul Nair,Male,48,CA,Low
C0030,Rohan Nair,Female,51,Consultant,High
C0031,Karan Nair,Male,56,Business Owner,Middle
C0032,Sneha Iyer,Female,64,Business Owner,High
C0033,Neha Verma,Female,42,CA,Middle
C0034,Pooja Gupta,Female,52,Software Engineer,High
C0035,Rohan Sharma,Female,57,Lawyer,Low
C0036,Rohan Kapoor,Female,36,Lawyer,High
C0037,Neha Patil,Female,41,Lawyer,High
C0038,Rahul Kulkarni,Female,38,Lawyer,Low
C0039,Rahul Verma,Male,49,Software Engineer,Upper Middle
C0040,Pooja Kapoor,Female,48,Lawyer,Upper Middle
C0041,Pooja Sharma,Male,42,Doctor,Low
C0042,Pooja Patil,Male,48,Lawyer,Middle
C0043,Sneha Sharma,Female,29,Doctor,Upper Middle
C0044,Arjun Joshi,Male,46,Doctor,Middle
C0045,Pooja Sharma,Male,45,Doctor,Low
C0046,Sneha Kapoor,Female,29,Software Engineer,High
C0047,Rohan Joshi,Male,44,Software Engineer,High
C0048,Anjali Iyer,Female,31,Doctor,Middle
C0049,Rahul Sharma,Male,31,Consultant,High
C0050,Karan Verma,Female,41,Doctor,Middle
C0051,Amit Mehta,Female,27,Doctor,Upper Middle
C0052,Karan Kapoor,Female,40,Lawyer,Middle
C0053,Rahul Sharma,Male,39,Consultant,High
C0054,Amit Verma,Female,30,Lawyer,Upper Middle
C0055,Anjali Gupta,Female,25,Doctor,Low
C0056,Anjali Gupta,Female,28,CA,Upper Middle
C0057,Priya Kulkarni,Female,61,Software Engineer,High
C0058,Rohan Kulkarni,Female,49,Teacher,Low
C0059,Rohan Sharma,Male,56,Doctor,Upper Middle
C0060,Anjali Mehta,Male,29,Business Owner,Middle
C0061,Priya Iyer,Male,56,Business Owner,Upper Middle
C0062,Neha Kapoor,Male,55,Software Engineer,High
C0063,Pooja Verma,Male,44,Lawyer,Low
C0064,Amit Gupta,Female,56,Business Owner,Low
C0065,Priya Kapoor,Female,29,Teacher,Middle
C0066,Amit Kapoor,Female,37,Doctor,High
C0067,Neha Kulkarni,Male,55,Lawyer,Low
C0068,Rohan Kulkarni,Female,27,Software Engineer,Low
C0069,Rohan Mehta,Male,24,Business Owner,Low
C0070,Priya Sharma,Male,59,CA,Low
C0071,Amit Gupta,Male,29,Lawyer,High
C0072,Neha Nair,Female,57,CA,Low
C0073,Rohan Sharma,Male,54,Doctor,Low
C0074,Priya Patil,Male,56,Lawyer,High
C0075,Rohan Sharma,Female,55,Software Engineer,Upper Middle
C0076,Neha Gupta,Female,56,Software Engineer,High
C0077,Arjun Iyer,Male,61,Doctor,Upper Middle
C0078,Rahul Sharma,Female,47,Software Engineer,High
C0079,Sneha Mehta,Male,49,Lawyer,Low
C0080,Rohan Kulkarni,Female,58,Consultant,Upper Middle
C0081,Priya Nair,Female,32,Software Engineer,Upper Middle
C0082,Rahul Joshi,Male,44,Teacher,Middle
C0083,Karan Gupta,Female,56,Teacher,High
C0084,Neha Patil,Male,41,Doctor,Middle
C0085,Pooja Joshi,Male,23,Business Owner,Middle
C0086,Amit Kulkarni,Male,42,Software Engineer,High
C0087,Sneha Nair,Male,48,Consultant,Middle
C0088,Sneha Kapoor,Male,29,Teacher,Middle
C0089,Priya Mehta,Female,25,Consultant,Low
C0090,Priya Sharma,Male,51,Lawyer,Low
C0091,Amit Patil,Female,36,CA,Upper Middle
C0092,Amit Sharma,Male,44,Consultant,High
C0093,Priya Kapoor,Male,58,Teacher,Middle
C0094,Arjun Kulkarni,Female,58,Consultant,Upper Middle
C0095,Rohan Iyer,Female,42,Teacher,Low
C0096,Pooja Gupta,Female,28,Software Engineer,Upper Middle
C0097,Rahul Iyer,Female,60,Lawyer,Upper Middle
C0098,Anjali Gupta,Male,35,Lawyer,Upper Middle
C0099,Pooja Mehta,Male,44,Consultant,High
C0100,Sneha Joshi,Male,54,Consultant,Middle
C0101,Amit Verma,Female,65,Doctor,Upper Middle
C0102,Priya Verma,Male,54,CA,High
C0103,Rohan Gupta,Male,43,Business Owner,Middle
C0104,Neha Kulkarni,Male,36,Business Owner,High
C0105,Anjali Iyer,Male,37,Business Owner,Low
C0106,Sneha Gupta,Female,37,Doctor,High
C0107,Anjali Mehta,Male,52,Lawyer,Low
C0108,Anjali Patil,Female,44,Software Engineer,High
C0109,Anjali Gupta,Female,58,CA,Low
C0110,Priya Mehta,Female,65,Doctor,Middle
C0111,Rohan Patil,Male,46,Software Engineer,High
C0112,Pooja Kulkarni,Male,41,Doctor,Upper Middle
C0113,Amit Gupta,Female,32,Business Owner,Middle
C0114,Neha Kulkarni,Male,29,CA,Upper Middle
C0115,Rahul Mehta,Female,32,Business Owner,High
C0116,Anjali Kapoor,Male,29,Doctor,High
C0117,Priya Kulkarni,Female,29,Business Owner,Middle
C0118,Arjun Sharma,Female,57,Teacher,High
C0119,Rahul Kapoor,Male,34,Business Owner,Upper Middle
C0120,Rohan Mehta,Female,30,Doctor,Upper Middle
C0121,Neha Joshi,Male,51,CA,High
C0122,Karan Joshi,Male,44,Software Engineer,Middle
C0123,Arjun Kapoor,Male,59,Software Engineer,Middle
C0124,Rohan Verma,Male,60,Business Owner,Middle
C0125,Priya Kapoor,Female,51,Software Engineer,Middle
C0126,Sneha Verma,Female,46,Software Engineer,High
C0127,Karan Verma,Female,29,Software Engineer,Middle
C0128,Pooja Kapoor,Male,43,CA,High
C0129,Arjun Iyer,Male,32,Consultant,Middle
C0130,Arjun Mehta,Male,64,Software Engineer,Upper Middle
C0131,Anjali Kapoor,Female,46,Software Engineer,High
C0132,Arjun Nair,Male,59,Doctor,Middle
C0133,Sneha Verma,Male,55,Teacher,Low
C0134,Karan Kulkarni,Female,24,Teacher,Middle
C0135,Sneha Verma,Female,45,Business Owner,Middle
C0136,Amit Verma,Female,60,Doctor,Upper Middle
C0137,Rahul Gupta,Male,43,Consultant,Upper Middle
C0138,Neha Joshi,Female,40,Lawyer,Low
C0139,Priya Patil,Female,46,Software Engineer,High
C0140,Neha Gupta,Male,23,Teacher,Low
C0141,Neha Verma,Female,63,Teacher,Low
C0142,Anjali Patil,Male,63,Doctor,Upper Middle
C0143,Karan Verma,Female,65,Doctor,High
C0144,Arjun Verma,Male,60,CA,Low
C0145,Sneha Verma,Male,56,Business Owner,High
C0146,Arjun Gupta,Male,25,Teacher,High
C0147,Priya Mehta,Male,30,Lawyer,Upper Middle
C0148,Rohan Iyer,Female,26,Consultant,Middle
C0149,Priya Gupta,Female,55,Business Owner,Upper Middle
C0150,Amit Patil,Female,23,CA,Middle
C0151,Rohan Nair,Male,26,Software Engineer,Upper Middle
C0152,Pooja Sharma,Male,55,CA,Low
C0153,Sneha Sharma,Male,47,Consultant,Upper Middle
C0154,Pooja Iyer,Female,58,Doctor,High
C0155,Rahul Sharma,Male,54,Doctor,Low
C0156,Anjali Kulkarni,Male,47,Business Owner,Middle
C0157,Amit Sharma,Female,50,Lawyer,Upper Middle
C0158,Arjun Gupta,Female,57,Teacher,Low
C0159,Arjun Kapoor,Male,39,Doctor,Middle
C0160,Priya Mehta,Male,52,Business Owner,High
C0161,Anjali Iyer,Male,47,Lawyer,Low
C0162,Rahul Verma,Female,52,Teacher,High
C0163,Pooja Nair,Female,44,Lawyer,High
C0164,Neha Joshi,Male,47,Consultant,Middle
C0165,Rahul Verma,Female,35,Consultant,Middle
C0166,Sneha Joshi,Female,25,CA,Upper Middle
C0167,Priya Joshi,Female,49,CA,Low
C0168,Sneha Iyer,Male,31,Lawyer,High
C0169,Rahul Gupta,Male,62,Software Engineer,Middle
C0170,Rohan Patil,Female,33,Software Engineer,High
C0171,Karan Mehta,Male,45,CA,High
C0172,Anjali Mehta,Male,54,Consultant,High
C0173,Rohan Patil,Female,49,CA,Upper Middle
C0174,Anjali Joshi,Female,56,Software Engineer,High
C0175,Pooja Verma,Male,45,Software Engineer,Low
C0176,Rohan Nair,Female,52,Software Engineer,Low
C0177,Rohan Iyer,Male,49,Software Engineer,Low
C0178,Rahul Patil,Male,23,Doctor,Upper Middle
C0179,Sneha Joshi,Female,63,Business Owner,Low
C0180,Priya Verma,Male,56,Lawyer,Low
C0181,Priya Joshi,Male,65,Teacher,Middle
C0182,Anjali Sharma,Female,33,Teacher,Middle
C0183,Rahul Nair,Male,53,Software Engineer,High
C0184,Neha Mehta,Male,38,Teacher,High
C0185,Pooja Sharma,Male,61,Doctor,Upper Middle
C0186,Pooja Joshi,Male,29,Consultant,Low
C0187,Pooja Kulkarni,Male,38,Teacher,Middle
C0188,Pooja Gupta,Male,47,Lawyer,Middle
C0189,Priya Iyer,Female,47,Business Owner,Upper Middle
C0190,Pooja Iyer,Female,36,Consultant,Low
C0191,Pooja Verma,Female,44,Teacher,Middle
C0192,Priya Joshi,Male,50,Software Engineer,Low
C0193,Sneha Kulkarni,Male,65,Business Owner,Upper Middle
C0194,Priya Joshi,Male,45,Doctor,Middle
C0195,Rahul Kulkarni,Female,41,Consultant,Upper Middle
C0196,Priya Mehta,Male,51,Doctor,High
C0197,Karan Verma,Female,34,Business Owner,Low
C0198,Sneha Mehta,Female,36,Lawyer,Middle
C0199,Karan Verma,Male,36,Teacher,Middle
C0200,Rohan Nair,Male,59,Lawyer,High
C0201,Priya Iyer,Female,59,Software Engineer,Upper Middle
C0202,Rahul Joshi,Female,33,Doctor,High
C0203,Rohan Sharma,Female,43,Teacher,Low
C0204,Rohan Kapoor,Male,51,Software Engineer,Low
C0205,Rohan Patil,Female,61,Software Engineer,Upper Middle
C0206,Sneha Mehta,Male,26,Doctor,Middle
C0207,Rohan Mehta,Male,30,Consultant,Upper Middle
C0208,Sneha Kulkarni,Female,63,Doctor,Middle
C0209,Priya Kapoor,Male,57,Teacher,Upper Middle
C0210,Neha Iyer,Male,65,Consultant,Low
C0211,Rahul Verma,Female,58,Consultant,Middle
C0212,Neha Kapoor,Male,60,CA,Low
C0213,Arjun Verma,Male,59,Consultant,High
C0214,Neha Nair,Female,36,Business Owner,Upper Middle
C0215,Arjun Kulkarni,Female,52,CA,Low
C0216,Pooja Nair,Female,53,Consultant,Middle
C0217,Amit Gupta,Female,49,Software Engineer,Middle
C0218,Priya Nair,Male,57,Software Engineer,Middle
C0219,Rahul Mehta,Male,25,Teacher,Middle
C0220,Priya Mehta,Male,48,Doctor,Middle
C0221,Neha Joshi,Female,49,Lawyer,Middle
C0222,Karan Mehta,Female,58,Lawyer,Low
C0223,Priya Nair,Female,34,Business Owner,Low
C0224,Priya Verma,Female,64,Consultant,Upper Middle
C0225,Rahul Verma,Male,48,Lawyer,Low
C0226,Arjun Kapoor,Male,58,Software Engineer,Upper Middle
C0227,Rohan Verma,Male,52,Teacher,Upper Middle
C0228,Karan Gupta,Male,42,Consultant,High
C0229,Rohan Joshi,Female,29,CA,High
C0230,Rohan Verma,Male,36,Doctor,High
C0231,Priya Sharma,Female,62,Doctor,Low
C0232,Priya Joshi,Male,60,Teacher,High
C0233,Rahul Kulkarni,Male,47,Lawyer,Upper Middle
C0234,Amit Verma,Male,47,Doctor,Upper Middle
C0235,Sneha Sharma,Male,53,Teacher,Upper Middle
C0236,Anjali Kapoor,Male,57,Software Engineer,Upper Middle
C0237,Karan Nair,Male,61,Lawyer,High
C0238,Anjali Iyer,Male,47,CA,Upper Middle
C0239,Amit Verma,Female,43,CA,Low
C0240,Pooja Gupta,Female,41,Software Engineer,High
C0241,Rohan Kulkarni,Female,44,Consultant,Low
C0242,Karan Mehta,Female,49,CA,Upper Middle
C0243,Pooja Mehta,Male,45,Lawyer,Middle
C0244,Karan Nair,Female,53,Doctor,High
C0245,Sneha Kulkarni,Male,31,Lawyer,Low
C0246,Karan Kapoor,Female,28,Teacher,Low
C0247,Anjali Patil,Female,62,Lawyer,Low
C0248,Amit Nair,Female,24,Business Owner,Middle
C0249,Rahul Patil,Male,37,Lawyer,Upper Middle
C0250,Neha Patil,Female,52,CA,High
C0251,Neha Gupta,Male,31,Consultant,Low
C0252,Pooja Verma,Male,32,Business Owner,Middle
C0253,Sneha Kapoor,Male,32,Business Owner,Upper Middle
C0254,Sneha Sharma,Male,39,Lawyer,Middle
C0255,Pooja Joshi,Female,46,Lawyer,Low
C0256,Priya Verma,Female,35,CA,Low
C0257,Sneha Joshi,Female,37,Business Owner,Middle
C0258,Arjun Iyer,Female,36,Business Owner,Low
C0259,Karan Nair,Female,38,Lawyer,Low
C0260,Neha Nair,Male,44,Consultant,High
C0261,Sneha Verma,Female,54,Doctor,High
C0262,Anjali Nair,Male,48,Consultant,High
C0263,Priya Nair,Male,43,Business Owner,High
C0264,Karan Sharma,Male,51,Business Owner,Upper Middle
C0265,Arjun Verma,Female,23,Lawyer,Low
C0266,Rohan Nair,Male,40,Teacher,Low
C0267,Neha Mehta,Male,24,Lawyer,Upper Middle
C0268,Amit Kulkarni,Male,39,Business Owner,Upper Middle
C0269,Neha Joshi,Male,39,Lawyer,High
C0270,Karan Kulkarni,Male,64,CA,Upper Middle
C0271,Karan Gupta,Male,33,Software Engineer,Upper Middle
C0272,Rohan Gupta,Male,54,Teacher,Upper Middle
C0273,Neha Mehta,Female,47,Consultant,High
C0274,Arjun Kulkarni,Male,27,Lawyer,Middle
C0275,Rohan Kapoor,Female,63,Software Engineer,Low
C0276,Sneha Joshi,Female,42,Business Owner,High
C0277,Arjun Sharma,Female,61,Software Engineer,Upper Middle
C0278,Priya Patil,Female,48,Consultant,Upper Middle
C0279,Arjun Mehta,Female,50,CA,Upper Middle
C0280,Priya Kapoor,Female,52,Teacher,Upper Middle
C0281,Rohan Patil,Male,65,Business Owner,Upper Middle
C0282,Priya Iyer,Female,50,Lawyer,High
C0283,Pooja Gupta,Male,33,Consultant,Low
C0284,Priya Verma,Male,65,CA,High
C0285,Sneha Patil,Male,33,Consultant,Low
C0286,Neha Kapoor,Male,47,CA,Low
C0287,Pooja Mehta,Female,64,CA,Low
C0288,Neha Iyer,Female,59,CA,Low
C0289,Karan Nair,Female,26,Doctor,High
C0290,Neha Kapoor,Female,61,Business Owner,Upper Middle
C0291,Priya Verma,Male,32,Teacher,High
C0292,Rahul Mehta,Female,63,Business Owner,High
C0293,Anjali Sharma,Female,27,Doctor,Middle
C0294,Rahul Nair,Male,30,Teacher,Middle
C0295,Amit Gupta,Male,26,Consultant,Middle
C0296,Priya Verma,Male,40,Software Engineer,Upper Middle
C0297,Karan Nair,Female,53,Business Owner,Low
C0298,Rohan Mehta,Female,64,Lawyer,Middle
C0299,Pooja Joshi,Female,48,Doctor,Upper Middle
C0300,Rahul Iyer,Male,52,Doctor,Upper Middle
C0301,Karan Verma,Male,27,CA,High
C0302,Karan Patil,Male,46,CA,Upper Middle
C0303,Priya Sharma,Female,44,Business Owner,Low
C0304,Rahul Nair,Male,56,Lawyer,Middle
C0305,Anjali Nair,Female,52,Business Owner,Middle
C0306,Neha Iyer,Female,32,Consultant,Middle
C0307,Sneha Joshi,Female,62,Teacher,Upper Middle
C0308,Rohan Verma,Male,59,Software Engineer,Upper Middle
C0309,Arjun Nair,Male,30,Lawyer,Middle
C0310,Karan Joshi,Male,35,Teacher,Middle
C0311,Rohan Patil,Female,47,Doctor,Middle
C0312,Sneha Nair,Male,36,CA,High
C0313,Arjun Nair,Female,41,Teacher,Low
C0314,Amit Nair,Male,46,Business Owner,Middle
C0315,Arjun Kulkarni,Male,27,Teacher,Low
C0316,Sneha Mehta,Female,26,Teacher,Upper Middle
C0317,Arjun Nair,Male,43,Lawyer,Upper Middle
C0318,Karan Nair,Male,41,Doctor,Middle
C0319,Priya Sharma,Male,47,Teacher,Middle
C0320,Neha Sharma,Female,44,Consultant,Low
C0321,Rohan Gupta,Female,39,Doctor,Upper Middle
C0322,Amit Sharma,Male,47,Lawyer,Low
C0323,Neha Iyer,Female,45,CA,Middle
C0324,Anjali Gupta,Male,31,Business Owner,Low
C0325,Karan Kapoor,Male,25,Doctor,Middle
C0326,Neha Sharma,Male,35,Lawyer,High
C0327,Rohan Kapoor,Female,48,Business Owner,Upper Middle
C0328,Pooja Nair,Male,32,CA,Middle
C0329,Karan Sharma,Male,51,Teacher,Upper Middle
C0330,Sneha Patil,Female,45,Consultant,Middle
C0331,Arjun Nair,Female,61,Business Owner,Middle
C0332,Sneha Kulkarni,Male,25,Software Engineer,Upper Middle
C0333,Amit Joshi,Male,47,Software Engineer,High
C0334,Anjali Gupta,Male,43,Software Engineer,Middle
C0335,Pooja Kapoor,Male,63,Lawyer,Low
C0336,Amit Mehta,Male,65,Business Owner,Low
C0337,Karan Verma,Male,54,Doctor,Middle
C0338,Anjali Mehta,Female,28,Business Owner,Upper Middle
C0339,Neha Patil,Female,33,CA,Upper Middle
C0340,Neha Iyer,Male,31,Teacher,Low
C0341,Sneha Nair,Male,30,Doctor,Low
C0342,Priya Iyer,Female,34,Software Engineer,High
C0343,Karan Iyer,Male,38,CA,Middle
C0344,Rahul Patil,Male,29,Business Owner,High
C0345,Pooja Verma,Female,56,Doctor,Middle
C0346,Neha Kulkarni,Female,63,Business Owner,Low
C0347,Amit Sharma,Female,38,Lawyer,Low
C0348,Anjali Nair,Male,38,CA,High
C0349,Rahul Iyer,Female,39,Business Owner,Low
C0350,Anjali Sharma,Female,50,Doctor,Upper Middle
C0351,Anjali Gupta,Male,40,Doctor,High
C0352,Anjali Sharma,Female,56,CA,Low
C0353,Karan Iyer,Female,64,Teacher,Middle
C0354,Sneha Patil,Male,23,Business Owner,High
C0355,Sneha Iyer,Male,39,Business Owner,High
C0356,Neha Joshi,Male,45,Software Engineer,Upper Middle
C0357,Pooja Nair,Female,33,Software Engineer,Middle
C0358,Anjali Joshi,Female,58,Software Engineer,Upper Middle
C0359,Karan Iyer,Male,32,Consultant,Low
C0360,Priya Mehta,Male,48,CA,High
C0361,Neha Mehta,Male,50,Consultant,Upper Middle
C0362,Rohan Nair,Female,42,Teacher,Middle
C0363,Amit Joshi,Male,63,Doctor,Low
C0364,Sneha Kapoor,Male,39,Software Engineer,Middle
C0365,Sneha Patil,Female,39,CA,Low
C0366,Priya Sharma,Female,62,Teacher,Middle
C0367,Arjun Kapoor,Female,49,Consultant,Low
C0368,Pooja Iyer,Female,50,Business Owner,Middle
C0369,Sneha Iyer,Female,23,Consultant,Low
C0370,Priya Joshi,Male,25,Software Engineer,Middle
C0371,Pooja Kulkarni,Female,58,Doctor,Middle
C0372,Karan Iyer,Male,61,Doctor,Low
C0373,Sneha Joshi,Female,54,Software Engineer,Low
C0374,Priya Verma,Female,38,Doctor,Middle
C0375,Pooja Nair,Male,35,CA,High
C0376,Neha Nair,Male,64,Lawyer,Low
C0377,Arjun Iyer,Female,39,Lawyer,Middle
C0378,Neha Kapoor,Male,63,Consultant,Middle
C0379,Rahul Verma,Female,38,Lawyer,Low
C0380,Amit Sharma,Male,39,Lawyer,Upper Middle
C0381,Karan Patil,Female,26,Consultant,Low
C0382,Neha Iyer,Male,45,Doctor,High
C0383,Amit Kulkarni,Male,38,Business Owner,High
C0384,Pooja Sharma,Male,61,Consultant,Upper Middle
C0385,Rohan Patil,Male,58,Software Engineer,Upper Middle
C0386,Arjun Patil,Female,37,Consultant,Low
C0387,Priya Patil,Male,50,Teacher,Upper Middle
C0388,Rahul Mehta,Female,35,Business Owner,Low
C0389,Anjali Verma,Female,48,Teacher,Upper Middle
C0390,Arjun Patil,Female,56,Doctor,Low
C0391,Pooja Nair,Female,57,Lawyer,Middle
C0392,Rahul Kapoor,Male,58,Doctor,Low
C0393,Amit Iyer,Female,51,Lawyer,Middle
C0394,Priya Iyer,Female,53,Consultant,Upper Middle
C0395,Anjali Iyer,Female,53,Software Engineer,Middle
C0396,Karan Patil,Female,49,Consultant,High
C0397,Rohan Kulkarni,Female,39,Software Engineer,Upper Middle
C0398,Rohan Kapoor,Female,41,CA,Low
C0399,Karan Gupta,Male,54,Software Engineer,Middle
C0400,Rohan Sharma,Male,42,Software Engineer,Upper Middle
C0401,Anjali Sharma,Female,55,Business Owner,High
C0402,Amit Kulkarni,Male,24,Consultant,Low
C0403,Amit Joshi,Male,47,Teacher,Upper Middle
C0404,Arjun Kulkarni,Female,32,Lawyer,Upper Middle
C0405,Neha Joshi,Female,35,Doctor,Middle
C0406,Pooja Kulkarni,Female,62,Lawyer,High
C0407,Pooja Kapoor,Male,56,Teacher,Low
C0408,Anjali Mehta,Male,63,Teacher,Middle
C0409,Arjun Iyer,Female,26,Consultant,Middle
C0410,Rohan Verma,Male,50,Doctor,High
C0411,Rahul Iyer,Male,32,Business Owner,High
C0412,Rahul Patil,Male,26,Teacher,Middle
C0413,Arjun Sharma,Female,64,Lawyer,Middle
C0414,Rohan Mehta,Female,28,Lawyer,Middle
C0415,Amit Gupta,Female,49,CA,High
C0416,Pooja Nair,Male,54,Software Engineer,Middle
C0417,Amit Mehta,Male,35,Business Owner,Middle
C0418,Pooja Patil,Female,52,Business Owner,Middle
C0419,Amit Patil,Male,44,Lawyer,Low
C0420,Priya Joshi,Male,46,Consultant,Low
C0421,Priya Iyer,Female,23,Lawyer,Low
C0422,Pooja Kulkarni,Male,23,Lawyer,Upper Middle
C0423,Karan Nair,Male,57,Lawyer,Middle
C0424,Pooja Iyer,Female,46,Doctor,Upper Middle
C0425,Neha Nair,Female,42,Business Owner,High
C0426,Amit Kulkarni,Male,47,Consultant,High
C0427,Sneha Iyer,Male,44,Doctor,High
C0428,Arjun Verma,Female,50,CA,Middle
C0429,Rohan Verma,Male,39,Doctor,Middle
C0430,Amit Nair,Male,51,Teacher,Low
C0431,Rahul Patil,Female,51,Consultant,High
C0432,Priya Nair,Male,45,Consultant,Middle
C0433,Neha Kulkarni,Female,44,CA,Low
C0434,Sneha Mehta,Female,45,Software Engineer,Middle
C0435,Arjun Sharma,Female,54,Business Owner,Low
C0436,Priya Sharma,Male,65,CA,Upper Middle
C0437,Neha Iyer,Female,64,Business Owner,Low
C0438,Karan Kulkarni,Female,42,Doctor,Upper Middle
C0439,Pooja Iyer,Male,48,CA,Middle
C0440,Karan Sharma,Male,53,Lawyer,Upper Middle
C0441,Neha Nair,Female,31,Doctor,Upper Middle
C0442,Priya Nair,Female,26,Business Owner,Low
C0443,Pooja Mehta,Male,50,Doctor,Middle
C0444,Pooja Mehta,Male,30,CA,Low
C0445,Rahul Sharma,Female,27,Doctor,High
C0446,Rohan Mehta,Male,39,CA,Middle
C0447,Karan Joshi,Female,56,Consultant,Middle
C0448,Rahul Iyer,Female,25,Lawyer,Upper Middle
C0449,Rohan Joshi,Female,63,Lawyer,High
C0450,Sneha Iyer,Male,56,Software Engineer,Upper Middle
C0451,Rohan Sharma,Male,51,Software Engineer,Low
C0452,Neha Verma,Male,38,Doctor,Upper Middle
C0453,Anjali Kulkarni,Female,48,Teacher,Upper Middle
C0454,Karan Joshi,Female,29,Software Engineer,Middle
C0455,Priya Joshi,Female,46,Doctor,Low
C0456,Neha Nair,Female,47,Business Owner,High
C0457,Rahul Nair,Female,41,Software Engineer,High
C0458,Anjali Sharma,Male,47,Lawyer,High
C0459,Amit Sharma,Male,54,Business Owner,Upper Middle
C0460,Rahul Patil,Male,40,Software Engineer,High
C0461,Neha Kulkarni,Female,65,Software Engineer,Upper Middle
C0462,Rahul Iyer,Male,58,Software Engineer,Middle
C0463,Arjun Nair,Male,42,Lawyer,High
C0464,Rohan Mehta,Male,59,Teacher,Low
C0465,Karan Patil,Female,62,CA,Middle
C0466,Sneha Iyer,Female,55,Teacher,High
C0467,Arjun Iyer,Male,63,Lawyer,Low
C0468,Rahul Patil,Female,28,Business Owner,Upper Middle
C0469,Anjali Iyer,Female,29,CA,High
C0470,Pooja Kulkarni,Female,53,Business Owner,Low
C0471,Karan Iyer,Female,45,Consultant,Upper Middle
C0472,Karan Verma,Male,24,Teacher,High
C0473,Karan Iyer,Male,32,Consultant,High
C0474,Karan Gupta,Female,63,Business Owner,Upper Middle
C0475,Amit Nair,Female,26,Teacher,Upper Middle
C0476,Rahul Iyer,Female,62,Software Engineer,Upper Middle
C0477,Anjali Gupta,Female,37,Teacher,Middle
C0478,Rohan Sharma,Female,41,Lawyer,Middle
C0479,Rahul Iyer,Female,51,Lawyer,Upper Middle
C0480,Sneha Verma,Female,56,Doctor,High
C0481,Amit Kapoor,Male,42,Software Engineer,Upper Middle
C0482,Karan Iyer,Female,32,Business Owner,High
C0483,Rahul Verma,Male,58,Lawyer,High
C0484,Priya Gupta,Female,33,Consultant,Middle
C0485,Neha Iyer,Male,52,CA,Upper Middle
C0486,Pooja Verma,Female,49,Teacher,Upper Middle
C0487,Rahul Iyer,Female,31,Consultant,Low
C0488,Priya Iyer,Male,60,Business Owner,Middle
C0489,Pooja Joshi,Female,47,Lawyer,Upper Middle
C0490,Rahul Joshi,Male,57,Lawyer,Middle
C0491,Arjun Nair,Female,25,Lawyer,Upper Middle
C0492,Priya Gupta,Female,30,Teacher,Low
C0493,Rahul Joshi,Male,35,CA,Middle
C0494,Rohan Patil,Male,63,CA,Middle
C0495,Priya Mehta,Female,42,Teacher,Middle
C0496,Priya Patil,Female,40,Lawyer,Middle
C0497,Karan Kulkarni,Female,45,Software Engineer,High
C0498,Sneha Nair,Male,30,Teacher,High
C0499,Amit Sharma,Female,57,Business Owner,Middle
C0500,Rohan Mehta,Female,64,Lawyer,Low
C0501,Arjun Kapoor,Female,40,Lawyer,Low
C0502,Pooja Iyer,Female,63,CA,Upper Middle
C0503,Anjali Kapoor,Female,43,Business Owner,Low
C0504,Sneha Kulkarni,Male,31,Consultant,Low
C0505,Rahul Joshi,Male,40,Doctor,Low
C0506,Rahul Kulkarni,Male,34,CA,Upper Middle
C0507,Neha Mehta,Female,35,Consultant,Low
C0508,Anjali Nair,Male,61,Lawyer,High
C0509,Anjali Kapoor,Male,25,Teacher,High
C0510,Pooja Joshi,Female,39,Consultant,Upper Middle
C0511,Sneha Kapoor,Male,52,Teacher,Upper Middle
C0512,Rahul Verma,Male,26,CA,Low
C0513,Arjun Kulkarni,Male,30,Software Engineer,Low
C0514,Pooja Verma,Male,42,Consultant,High
C0515,Amit Sharma,Male,43,Doctor,Low
C0516,Priya Sharma,Female,26,Lawyer,Middle
C0517,Anjali Verma,Male,35,Lawyer,High
C0518,Anjali Verma,Male,25,Teacher,High
C0519,Priya Iyer,Male,33,CA,High
C0520,Rahul Nair,Female,27,Business Owner,Low
C0521,Amit Kapoor,Female,45,Doctor,Low
C0522,Neha Joshi,Female,23,Teacher,Upper Middle
C0523,Anjali Iyer,Male,49,Business Owner,Upper Middle
C0524,Rohan Kulkarni,Female,35,Doctor,Upper Middle
C0525,Pooja Kapoor,Male,58,Doctor,High
C0526,Neha Patil,Female,24,Business Owner,Low
C0527,Arjun Mehta,Male,51,CA,Low
C0528,Priya Joshi,Female,43,Business Owner,Middle
C0529,Rohan Kulkarni,Female,56,CA,Upper Middle
C0530,Karan Patil,Female,59,Doctor,High
C0531,Sneha Kulkarni,Female,43,Consultant,Low
C0532,Pooja Iyer,Male,56,Software Engineer,Middle
C0533,Sneha Mehta,Male,34,Teacher,Middle
C0534,Amit Patil,Female,64,CA,Low
C0535,Karan Kapoor,Male,62,Consultant,Middle
C0536,Amit Kulkarni,Male,48,Teacher,High
C0537,Karan Sharma,Male,48,Software Engineer,High
C0538,Rahul Nair,Female,64,Consultant,High
C0539,Pooja Verma,Female,50,Lawyer,Middle
C0540,Neha Gupta,Female,57,Software Engineer,Upper Middle
C0541,Sneha Nair,Female,52,Business Owner,Upper Middle
C0542,Priya Patil,Male,59,Lawyer,Middle
C0543,Sneha Nair,Female,34,Teacher,High
C0544,Karan Gupta,Female,62,CA,Middle
C0545,Neha Gupta,Male,25,Teacher,High
C0546,Rahul Joshi,Female,33,Consultant,Low
C0547,Priya Gupta,Female,61,Teacher,Low
C0548,Priya Kulkarni,Female,65,Software Engineer,Upper Middle
C0549,Amit Patil,Female,36,Consultant,Low
C0550,Neha Patil,Male,51,Software Engineer,Middle
C0551,Sneha Sharma,Female,63,Lawyer,Middle
C0552,Neha Verma,Male,59,Lawyer,High
C0553,Arjun Verma,Female,56,CA,High
C0554,Rohan Kulkarni,Female,52,Software Engineer,Middle
C0555,Arjun Kapoor,Female,62,Doctor,Middle
C0556,Pooja Mehta,Female,27,Consultant,High
C0557,Pooja Mehta,Male,47,Doctor,Low
C0558,Rahul Mehta,Female,46,CA,Low
C0559,Neha Nair,Female,54,Software Engineer,High
C0560,Pooja Kulkarni,Male,30,Business Owner,High
C0561,Priya Iyer,Female,54,Doctor,High
C0562,Priya Sharma,Male,49,CA,Middle
C0563,Pooja Verma,Male,46,Lawyer,Upper Middle
C0564,Pooja Patil,Female,44,Business Owner,Low
C0565,Arjun Gupta,Male,32,Lawyer,Middle
C0566,Pooja Verma,Male,36,Business Owner,Upper Middle
C0567,Pooja Patil,Male,52,Doctor,Middle
C0568,Pooja Joshi,Male,23,CA,Low
C0569,Rohan Verma,Male,58,Doctor,Upper Middle
C0570,Pooja Patil,Male,40,Consultant,Upper Middle
C0571,Karan Verma,Male,37,Doctor,Low
C0572,Karan Kulkarni,Female,61,Lawyer,Upper Middle
C0573,Rahul Kulkarni,Male,43,Lawyer,Low
C0574,Rohan Gupta,Female,37,Teacher,Middle
C0575,Rohan Kapoor,Male,59,Business Owner,Low
C0576,Amit Joshi,Female,53,Consultant,Middle
C0577,Rohan Joshi,Male,57,Software Engineer,Upper Middle
C0578,Priya Iyer,Female,46,Lawyer,Middle
C0579,Priya Joshi,Female,59,Consultant,High
C0580,Pooja Gupta,Female,56,Software Engineer,Low
C0581,Rahul Kulkarni,Female,60,Business Owner,Low
C0582,Rohan Kapoor,Male,63,Lawyer,Middle
C0583,Anjali Sharma,Female,49,CA,Low
C0584,Rohan Kulkarni,Male,49,CA,Low
C0585,Rohan Joshi,Female,62,Lawyer,High
C0586,Rahul Mehta,Male,47,Business Owner,Upper Middle
C0587,Arjun Verma,Male,47,Teacher,Low
C0588,Anjali Sharma,Female,37,Business Owner,High
C0589,Sneha Nair,Male,46,Teacher,Low
C0590,Priya Patil,Male,45,Consultant,High
C0591,Rahul Gupta,Female,48,Doctor,Low
C0592,Neha Mehta,Male,62,Lawyer,Middle
C0593,Rohan Mehta,Male,43,Consultant,Low
C0594,Neha Iyer,Male,51,Lawyer,High
C0595,Neha Verma,Female,31,Doctor,Low
C0596,Arjun Mehta,Male,52,Consultant,Low
C0597,Pooja Mehta,Female,36,Lawyer,Middle
C0598,Rohan Patil,Female,52,Doctor,Upper Middle
C0599,Priya Mehta,Male,58,CA,Low
C0600,Anjali Sharma,Female,61,Teacher,Low
C0601,Neha Verma,Male,37,Software Engineer,Upper Middle
C0602,Amit Nair,Male,57,Consultant,High
C0603,Pooja Gupta,Female,61,Teacher,Low
C0604,Karan Kulkarni,Female,51,Doctor,Low
C0605,Neha Verma,Male,41,Teacher,Upper Middle
C0606,Arjun Verma,Male,38,Doctor,Upper Middle
C0607,Karan Gupta,Female,41,Consultant,High
C0608,Pooja Kapoor,Male,58,CA,Middle
C0609,Neha Nair,Male,50,Teacher,Upper Middle
C0610,Rahul Iyer,Female,59,Lawyer,Middle
C0611,Pooja Nair,Female,52,Doctor,Upper Middle
C0612,Rahul Iyer,Female,57,Software Engineer,Upper Middle
C0613,Amit Kapoor,Male,29,Business Owner,Low
C0614,Arjun Joshi,Male,58,Software Engineer,High
C0615,Anjali Mehta,Male,44,Teacher,Upper Middle
C0616,Priya Verma,Female,32,Business Owner,Upper Middle
C0617,Amit Nair,Male,30,Software Engineer,High
C0618,Arjun Joshi,Male,46,Doctor,Middle
C0619,Rahul Sharma,Female,37,Consultant,Upper Middle
C0620,Rohan Verma,Male,30,Lawyer,Upper Middle
C0621,Pooja Sharma,Male,33,Consultant,Upper Middle
C0622,Karan Verma,Female,28,Lawyer,Upper Middle
C0623,Priya Nair,Female,38,Business Owner,Upper Middle
C0624,Rahul Iyer,Male,39,Software Engineer,Upper Middle
C0625,Sneha Verma,Female,36,CA,Middle
C0626,Arjun Verma,Female,28,Business Owner,Middle
C0627,Arjun Kapoor,Female,42,Teacher,Low
C0628,Anjali Nair,Male,46,Teacher,Low
C0629,Pooja Sharma,Female,60,Consultant,High
C0630,Priya Iyer,Male,58,Software Engineer,High
C0631,Arjun Kulkarni,Male,60,Lawyer,Upper Middle
C0632,Rohan Gupta,Male,37,Consultant,Middle
C0633,Anjali Verma,Female,46,CA,Upper Middle
C0634,Anjali Gupta,Female,24,Doctor,Upper Middle
C0635,Anjali Verma,Male,50,Lawyer,High
C0636,Karan Iyer,Female,43,Consultant,Middle
C0637,Rohan Kulkarni,Female,30,Lawyer,Upper Middle
C0638,Rohan Iyer,Female,63,Software Engineer,High
C0639,Pooja Kulkarni,Male,28,Doctor,Middle
C0640,Karan Patil,Male,45,Consultant,Low
C0641,Amit Nair,Male,47,Consultant,Middle
C0642,Sneha Mehta,Male,52,Software Engineer,Upper Middle
C0643,Karan Nair,Female,36,Doctor,Upper Middle
C0644,Priya Gupta,Male,30,CA,Upper Middle
C0645,Rohan Kulkarni,Female,63,Business Owner,Upper Middle
C0646,Priya Sharma,Female,39,Lawyer,Low
C0647,Rahul Joshi,Female,35,Doctor,Upper Middle
C0648,Priya Joshi,Female,24,Teacher,Middle
C0649,Pooja Sharma,Male,26,Consultant,Upper Middle
C0650,Anjali Gupta,Female,44,Lawyer,Middle
C0651,Priya Nair,Male,62,Lawyer,Low
C0652,Amit Gupta,Female,63,Consultant,Low
C0653,Arjun Iyer,Female,42,Consultant,Low
C0654,Priya Nair,Male,40,Business Owner,Middle
C0655,Neha Iyer,Female,32,Teacher,Middle
C0656,Amit Verma,Male,48,Lawyer,Middle
C0657,Amit Kapoor,Female,43,CA,Middle
C0658,Amit Kulkarni,Male,53,Software Engineer,Middle
C0659,Amit Patil,Female,29,Software Engineer,Upper Middle
C0660,Rahul Kapoor,Female,24,Software Engineer,High
C0661,Sneha Kapoor,Female,30,Lawyer,High
C0662,Priya Nair,Male,62,Lawyer,Middle
C0663,Rahul Gupta,Female,25,Lawyer,High
C0664,Arjun Kapoor,Male,34,Lawyer,Upper Middle
C0665,Sneha Iyer,Female,56,Doctor,Upper Middle
C0666,Neha Kapoor,Female,25,Consultant,Middle
C0667,Rahul Iyer,Male,42,Teacher,Upper Middle
C0668,Amit Kulkarni,Female,59,Consultant,Upper Middle
C0669,Arjun Mehta,Male,29,Software Engineer,Middle
C0670,Amit Gupta,Male,34,Software Engineer,Upper Middle
C0671,Rohan Iyer,Female,32,Doctor,Upper Middle
C0672,Arjun Sharma,Female,23,Doctor,Upper Middle
C0673,Rohan Kapoor,Female,27,Doctor,Low
C0674,Anjali Kulkarni,Male,56,Doctor,Middle
C0675,Arjun Verma,Male,57,Consultant,Middle
C0676,Pooja Mehta,Female,47,Doctor,Middle
C0677,Priya Joshi,Male,46,Lawyer,Middle
C0678,Anjali Kapoor,Female,52,CA,Low
C0679,Karan Kulkarni,Male,58,Doctor,High
C0680,Pooja Mehta,Male,27,CA,High
C0681,Neha Verma,Male,33,Doctor,Middle
C0682,Pooja Joshi,Male,26,Software Engineer,High
C0683,Priya Joshi,Male,40,Business Owner,Low
C0684,Anjali Sharma,Male,49,CA,Upper Middle
C0685,Arjun Joshi,Female,35,CA,Upper Middle
C0686,Rohan Verma,Male,48,Consultant,Upper Middle
C0687,Sneha Kapoor,Male,40,Consultant,High
C0688,Pooja Kulkarni,Female,38,Business Owner,Middle
C0689,Pooja Gupta,Female,49,Software Engineer,Middle
C0690,Amit Gupta,Female,24,Lawyer,Low
C0691,Pooja Kulkarni,Male,23,Consultant,High
C0692,Karan Joshi,Female,57,Software Engineer,Low
C0693,Priya Sharma,Female,64,Business Owner,Middle
C0694,Karan Iyer,Male,49,CA,Middle
C0695,Pooja Mehta,Female,54,Doctor,High
C0696,Amit Mehta,Female,65,Business Owner,Upper Middle
C0697,Priya Mehta,Female,23,Business Owner,Upper Middle
C0698,Sneha Nair,Male,37,Business Owner,Low
C0699,Arjun Verma,Male,31,CA,Middle
C0700,Rohan Sharma,Female,37,Teacher,Upper Middle
C0701,Pooja Iyer,Female,50,Doctor,Low
C0702,Rohan Joshi,Female,49,Teacher,High
C0703,Anjali Iyer,Male,53,Software Engineer,High
C0704,Neha Iyer,Male,40,Business Owner,High
C0705,Anjali Kapoor,Male,36,Teacher,Middle
C0706,Sneha Kapoor,Female,35,Software Engineer,Upper Middle
C0707,Neha Gupta,Female,26,Software Engineer,High
C0708,Anjali Kulkarni,Female,46,Consultant,Low
C0709,Neha Sharma,Male,25,Software Engineer,Upper Middle
C0710,Sneha Nair,Female,32,Business Owner,Upper Middle
C0711,Amit Sharma,Female,52,CA,Middle
C0712,Karan Mehta,Male,32,Doctor,Low
C0713,Arjun Gupta,Female,60,Consultant,Low
C0714,Arjun Sharma,Male,51,Consultant,Low
C0715,Rohan Nair,Female,33,Software Engineer,Middle
C0716,Pooja Kulkarni,Female,28,Software Engineer,Upper Middle
C0717,Arjun Joshi,Male,58,CA,Upper Middle
C0718,Arjun Nair,Female,46,Consultant,High
C0719,Anjali Kapoor,Female,26,CA,High
C0720,Rohan Verma,Female,59,Doctor,High
C0721,Arjun Nair,Male,26,Lawyer,Low
C0722,Sneha Verma,Male,31,Lawyer,Middle
C0723,Rohan Mehta,Male,42,Doctor,High
C0724,Rahul Verma,Female,26,Business Owner,Low
C0725,Pooja Verma,Female,51,CA,High
C0726,Priya Nair,Female,65,Lawyer,Middle
C0727,Anjali Kulkarni,Female,31,Business Owner,Middle
C0728,Amit Iyer,Female,61,Lawyer,Upper Middle
C0729,Rahul Kapoor,Male,47,Software Engineer,Upper Middle
C0730,Arjun Verma,Male,61,Software Engineer,Low
C0731,Priya Kapoor,Male,29,Consultant,Middle
C0732,Karan Iyer,Female,26,Business Owner,Middle
C0733,Priya Sharma,Male,47,Teacher,Low
C0734,Pooja Gupta,Male,34,Teacher,Upper Middle
C0735,Karan Sharma,Male,47,Lawyer,Upper Middle
C0736,Anjali Patil,Female,32,Business Owner,High
C0737,Sneha Gupta,Male,26,Software Engineer,Low
C0738,Sneha Kapoor,Female,31,Teacher,High
C0739,Karan Iyer,Male,24,Teacher,Middle
C0740,Neha Patil,Female,65,Doctor,Upper Middle
C0741,Karan Kulkarni,Female,47,Business Owner,Middle
C0742,Amit Kapoor,Female,37,Teacher,Low
C0743,Pooja Gupta,Male,57,Teacher,Low
C0744,Rohan Iyer,Male,64,Consultant,Middle
C0745,Karan Mehta,Female,33,Software Engineer,High
C0746,Rohan Nair,Male,40,Teacher,Low
C0747,Pooja Mehta,Male,30,Doctor,High
C0748,Karan Mehta,Male,62,Business Owner,Low
C0749,Anjali Patil,Male,38,Business Owner,Upper Middle
C0750,Rahul Sharma,Female,30,Teacher,Middle
C0751,Priya Joshi,Male,27,Software Engineer,High
C0752,Arjun Gupta,Male,44,Business Owner,High
C0753,Neha Iyer,Female,37,Doctor,Upper Middle
C0754,Sneha Verma,Male,63,Consultant,Upper Middle
C0755,Priya Joshi,Female,58,Lawyer,High
C0756,Neha Kapoor,Female,64,Teacher,Middle
C0757,Amit Kulkarni,Female,65,Business Owner,Middle
C0758,Amit Iyer,Female,61,Doctor,Low
C0759,Arjun Kulkarni,Male,39,Doctor,High
C0760,Sneha Iyer,Male,55,Teacher,High
C0761,Rahul Patil,Male,50,Software Engineer,High
C0762,Karan Nair,Male,35,Consultant,Low
C0763,Anjali Mehta,Female,38,Teacher,Middle
C0764,Rohan Sharma,Female,42,Teacher,High
C0765,Sneha Mehta,Female,58,Teacher,Low
C0766,Pooja Joshi,Male,52,Lawyer,Upper Middle
C0767,Arjun Kulkarni,Female,60,Lawyer,Middle
C0768,Sneha Verma,Male,41,Doctor,High
C0769,Pooja Nair,Female,54,Business Owner,Upper Middle
C0770,Neha Sharma,Female,62,Business Owner,Upper Middle
C0771,Rahul Nair,Male,29,Lawyer,High
C0772,Rahul Iyer,Female,48,Teacher,Middle
C0773,Anjali Patil,Male,32,Software Engineer,High
C0774,Anjali Kapoor,Male,51,Software Engineer,High
C0775,Arjun Sharma,Female,48,Teacher,Middle
C0776,Pooja Verma,Male,44,Consultant,Middle
C0777,Sneha Verma,Male,60,Lawyer,Upper Middle
C0778,Anjali Verma,Female,23,Consultant,High
C0779,Priya Verma,Female,31,Lawyer,Low
C0780,Pooja Iyer,Female,47,Business Owner,Low
C0781,Arjun Mehta,Female,30,CA,High
C0782,Rahul Joshi,Male,40,Software Engineer,High
C0783,Rahul Verma,Male,52,Consultant,Middle
C0784,Rohan Patil,Female,56,Doctor,High
C0785,Rohan Patil,Female,38,Teacher,High
C0786,Pooja Verma,Female,38,Doctor,Low
C0787,Anjali Gupta,Female,47,Consultant,Low
C0788,Rahul Kulkarni,Male,47,Lawyer,Middle
C0789,Rahul Kapoor,Male,25,Business Owner,High
C0790,Pooja Joshi,Female,57,Software Engineer,Middle
C0791,Priya Verma,Female,32,Doctor,Upper Middle
C0792,Priya Joshi,Male,24,Teacher,Low
C0793,Pooja Joshi,Female,51,Business Owner,Middle
C0794,Sneha Sharma,Female,39,Teacher,Middle
C0795,Arjun Verma,Male,64,CA,Low
C0796,Pooja Nair,Female,30,Lawyer,Middle
C0797,Arjun Kulkarni,Male,42,Teacher,Upper Middle
C0798,Sneha Iyer,Female,37,CA,High
C0799,Rahul Kapoor,Female,63,Lawyer,Upper Middle
C0800,Rohan Iyer,Male,23,Software Engineer,Low
C0801,Rahul Sharma,Female,47,Business Owner,Upper Middle
C0802,Priya Gupta,Female,37,Lawyer,Middle
C0803,Arjun Sharma,Female,31,Doctor,High
C0804,Neha Mehta,Female,27,Software Engineer,High
C0805,Rohan Kapoor,Male,47,Consultant,Upper Middle
C0806,Arjun Patil,Male,61,CA,Low
C0807,Neha Joshi,Female,54,Software Engineer,High
C0808,Sneha Mehta,Male,48,Software Engineer,Middle
C0809,Neha Mehta,Male,48,Lawyer,Upper Middle
C0810,Karan Kapoor,Female,47,Consultant,Middle
C0811,Rohan Mehta,Male,32,Business Owner,Middle
C0812,Priya Kulkarni,Male,52,Consultant,Upper Middle
C0813,Neha Verma,Male,58,Lawyer,Middle
C0814,Rohan Patil,Female,46,Business Owner,Upper Middle
C0815,Rohan Kapoor,Male,50,Doctor,High
C0816,Rahul Sharma,Female,52,Consultant,Low
C0817,Anjali Verma,Female,65,Business Owner,Low
C0818,Rahul Nair,Female,26,Business Owner,Upper Middle
C0819,Karan Joshi,Male,47,Lawyer,Low
C0820,Neha Patil,Male,43,Lawyer,High
C0821,Neha Kapoor,Male,24,Consultant,High
C0822,Rahul Mehta,Male,26,Software Engineer,High
C0823,Arjun Mehta,Male,49,Teacher,High
C0824,Arjun Verma,Male,59,Teacher,High
C0825,Rohan Patil,Male,45,Software Engineer,Upper Middle
C0826,Anjali Verma,Male,26,Teacher,High
C0827,Priya Sharma,Female,51,Teacher,High
C0828,Rohan Verma,Male,51,Lawyer,Upper Middle
C0829,Amit Patil,Male,62,Doctor,Upper Middle
C0830,Priya Gupta,Female,59,Lawyer,Upper Middle
C0831,Priya Patil,Male,41,Consultant,Middle
C0832,Pooja Iyer,Female,35,Business Owner,Upper Middle
C0833,Priya Iyer,Male,29,CA,Upper Middle
C0834,Neha Gupta,Male,37,Business Owner,Upper Middle
C0835,Rohan Mehta,Male,47,Business Owner,High
C0836,Anjali Iyer,Female,54,Teacher,High
C0837,Sneha Patil,Female,54,Lawyer,High
C0838,Rohan Verma,Female,31,Lawyer,Upper Middle
C0839,Priya Sharma,Male,47,Software Engineer,Upper Middle
C0840,Amit Iyer,Female,49,Teacher,Upper Middle
C0841,Neha Joshi,Male,40,Business Owner,Middle
C0842,Rohan Patil,Female,42,Business Owner,Upper Middle
C0843,Pooja Nair,Female,52,Doctor,Middle
C0844,Arjun Kapoor,Female,50,Teacher,Low
C0845,Pooja Kulkarni,Male,26,CA,Middle
C0846,Arjun Kapoor,Male,64,CA,Low
C0847,Rahul Gupta,Female,31,Consultant,High
C0848,Priya Verma,Female,54,Doctor,Middle
C0849,Sneha Sharma,Female,56,Lawyer,Upper Middle
C0850,Karan Nair,Female,49,Lawyer,Middle
C0851,Arjun Verma,Male,42,Teacher,Low
C0852,Rohan Mehta,Female,39,Business Owner,High
C0853,Rohan Sharma,Female,51,Consultant,Low
C0854,Priya Gupta,Male,32,Software Engineer,High
C0855,Priya Kapoor,Male,49,Doctor,High
C0856,Sneha Mehta,Female,42,Lawyer,Low
C0857,Karan Kulkarni,Male,32,Teacher,High
C0858,Amit Kapoor,Male,52,Business Owner,Middle
C0859,Amit Kapoor,Female,65,Lawyer,Upper Middle
C0860,Pooja Nair,Female,33,Software Engineer,Upper Middle
C0861,Karan Verma,Female,45,Teacher,Middle
C0862,Karan Kapoor,Female,63,Software Engineer,Middle
C0863,Rohan Joshi,Female,49,Doctor,High
C0864,Rahul Patil,Female,46,CA,Middle
C0865,Anjali Joshi,Female,39,Doctor,High
C0866,Anjali Joshi,Male,48,Business Owner,Upper Middle
C0867,Neha Sharma,Male,46,Doctor,High
C0868,Pooja Kulkarni,Female,41,Lawyer,Upper Middle
C0869,Sneha Joshi,Male,37,Lawyer,High
C0870,Neha Sharma,Male,65,Lawyer,Low
C0871,Amit Sharma,Female,32,Business Owner,High
C0872,Karan Sharma,Female,42,CA,High
C0873,Sneha Nair,Female,28,Doctor,Upper Middle
C0874,Amit Verma,Male,48,Doctor,Upper Middle
C0875,Amit Mehta,Male,64,Doctor,High
C0876,Priya Mehta,Male,34,Consultant,Upper Middle
C0877,Arjun Patil,Male,56,Lawyer,Middle
C0878,Pooja Patil,Male,38,Doctor,High
C0879,Priya Mehta,Female,49,Business Owner,High
C0880,Karan Iyer,Male,65,Software Engineer,Middle
C0881,Arjun Joshi,Male,55,Doctor,Middle
C0882,Arjun Patil,Female,56,Teacher,High
C0883,Rahul Gupta,Female,57,Business Owner,High
C0884,Neha Kulkarni,Female,50,CA,Low
C0885,Priya Sharma,Male,34,Business Owner,Low
C0886,Priya Verma,Male,27,Business Owner,Low
C0887,Karan Kulkarni,Female,47,Consultant,Low
C0888,Anjali Nair,Male,60,Lawyer,Middle
C0889,Anjali Sharma,Male,64,Teacher,Upper Middle
C0890,Rahul Verma,Male,49,Doctor,Middle
C0891,Priya Gupta,Male,62,Consultant,High
C0892,Anjali Joshi,Male,42,Software Engineer,Middle
C0893,Rahul Joshi,Male,46,CA,Middle
C0894,Rahul Gupta,Female,41,Consultant,High
C0895,Rahul Joshi,Female,31,Lawyer,High
C0896,Arjun Gupta,Female,65,Teacher,High
C0897,Arjun Kulkarni,Male,35,Consultant,Low
C0898,Rohan Joshi,Female,24,Lawyer,Upper Middle
C0899,Priya Sharma,Female,37,CA,Middle
C0900,Pooja Sharma,Male,31,Business Owner,Upper Middle
C0901,Amit Kapoor,Female,32,Consultant,Middle
C0902,Anjali Kapoor,Male,54,Software Engineer,Upper Middle
C0903,Pooja Sharma,Female,35,Business Owner,Middle
C0904,Neha Gupta,Female,52,Software Engineer,Middle
C0905,Karan Nair,Male,42,Business Owner,Middle
C0906,Amit Mehta,Female,56,Consultant,Middle
C0907,Amit Gupta,Male,23,CA,Middle
C0908,Sneha Iyer,Female,45,CA,High
C0909,Anjali Joshi,Male,60,Consultant,Middle
C0910,Rahul Patil,Female,29,Lawyer,High
C0911,Priya Kapoor,Male,52,Business Owner,High
C0912,Amit Kulkarni,Male,34,Teacher,Middle
C0913,Rahul Nair,Male,29,Doctor,Low
C0914,Sneha Kapoor,Male,26,Lawyer,High
C0915,Pooja Kapoor,Female,25,CA,High
C0916,Priya Joshi,Male,60,Business Owner,Upper Middle
C0917,Neha Gupta,Female,30,Teacher,Low
C0918,Pooja Patil,Male,46,CA,Upper Middle
C0919,Sneha Kapoor,Male,38,Consultant,High
C0920,Arjun Kapoor,Female,45,Lawyer,High
C0921,Pooja Patil,Female,26,Teacher,Upper Middle
C0922,Arjun Kulkarni,Male,44,Business Owner,Low
C0923,Sneha Patil,Female,30,Consultant,High
C0924,Neha Gupta,Male,38,Software Engineer,High
C0925,Karan Kulkarni,Female,57,Software Engineer,Low
C0926,Priya Nair,Female,23,Lawyer,Low
C0927,Anjali Patil,Female,53,Teacher,Upper Middle
C0928,Pooja Joshi,Male,31,Teacher,Low
C0929,Karan Iyer,Female,51,Business Owner,Upper Middle
C0930,Priya Joshi,Female,37,Lawyer,High
C0931,Arjun Verma,Female,49,Consultant,Upper Middle
C0932,Karan Verma,Female,39,Software Engineer,Upper Middle
C0933,Sneha Sharma,Male,57,Consultant,High
C0934,Arjun Iyer,Female,52,Doctor,Upper Middle
C0935,Neha Kulkarni,Male,29,Doctor,Middle
C0936,Rahul Patil,Male,49,Lawyer,High
C0937,Karan Mehta,Male,35,CA,High
C0938,Amit Joshi,Male,34,Lawyer,Upper Middle
C0939,Rohan Kulkarni,Female,27,Teacher,Upper Middle
C0940,Neha Iyer,Male,41,CA,High
C0941,Pooja Verma,Male,44,CA,Middle
C0942,Neha Verma,Male,26,Software Engineer,Upper Middle
C0943,Anjali Kapoor,Female,24,CA,Upper Middle
C0944,Rahul Patil,Male,62,Business Owner,Upper Middle
C0945,Sneha Sharma,Female,48,Lawyer,Middle
C0946,Arjun Kulkarni,Male,52,CA,High
C0947,Priya Iyer,Female,35,Business Owner,High
C0948,Anjali Joshi,Male,48,Software Engineer,Low
C0949,Priya Gupta,Female,62,CA,Middle
C0950,Karan Mehta,Female,36,CA,Middle
C0951,Amit Kapoor,Female,65,Lawyer,Low
C0952,Amit Kapoor,Female,56,Consultant,Low
C0953,Karan Gupta,Male,34,CA,Upper Middle
C0954,Anjali Sharma,Female,64,Business Owner,Low
C0955,Neha Iyer,Female,35,Consultant,Middle
C0956,Neha Sharma,Female,64,Lawyer,Low
C0957,Pooja Iyer,Male,42,Business Owner,High
C0958,Amit Joshi,Female,41,CA,Middle
C0959,Rahul Patil,Female,38,Teacher,Middle
C0960,Pooja Gupta,Female,56,CA,Low
C0961,Pooja Gupta,Male,26,Consultant,Middle
C0962,Amit Kapoor,Male,23,Teacher,Upper Middle
C0963,Rahul Joshi,Female,51,Doctor,High
C0964,Pooja Patil,Female,59,Lawyer,Low
C0965,Rahul Mehta,Male,62,Lawyer,Low
C0966,Rohan Gupta,Male,42,Business Owner,High
C0967,Amit Verma,Male,58,Lawyer,Upper Middle
C0968,Sneha Kapoor,Female,64,Software Engineer,High
C0969,Amit Mehta,Female,56,Doctor,Upper Middle
C0970,Pooja Joshi,Male,29,Software Engineer,High
C0971,Karan Iyer,Female,24,CA,Middle
C0972,Arjun Sharma,Male,23,Business Owner,Middle
C0973,Anjali Joshi,Male,50,Consultant,Upper Middle
C0974,Amit Gupta,Female,45,CA,Upper Middle
C0975,Rohan Mehta,Female,61,Software Engineer,High
C0976,Priya Gupta,Male,57,Business Owner,Middle
C0977,Arjun Joshi,Male,24,Doctor,High
C0978,Priya Kulkarni,Female,36,CA,Upper Middle
C0979,Rahul Gupta,Male,52,Lawyer,High
C0980,Pooja Sharma,Male,51,Business Owner,Middle
C0981,Sneha Kulkarni,Male,39,Business Owner,Middle
C0982,Neha Gupta,Male,35,Consultant,Upper Middle
C0983,Rahul Nair,Male,55,Software Engineer,Upper Middle
C0984,Rahul Iyer,Male,38,Lawyer,Low
C0985,Anjali Nair,Male,36,CA,Upper Middle
C0986,Neha Mehta,Male,27,Lawyer,High
C0987,Rohan Verma,Male,59,Consultant,Upper Middle
C0988,Pooja Nair,Male,56,Lawyer,High
C0989,Karan Nair,Female,29,Consultant,Low
C0990,Sneha Joshi,Female,64,Business Owner,High
C0991,Pooja Patil,Male,40,Business Owner,Upper Middle
C0992,Arjun Sharma,Male,52,Software Engineer,Middle
C0993,Rahul Nair,Male,60,Lawyer,High
C0994,Rahul Nair,Male,31,Software Engineer,Low
C0995,Rahul Mehta,Male,53,Doctor,Upper Middle
C0996,Rohan Iyer,Male,60,Business Owner,Upper Middle
C0997,Rahul Gupta,Male,43,Doctor,High
C0998,Sneha Verma,Male,64,Lawyer,Upper Middle
C0999,Amit Patil,Female,47,Software Engineer,Middle
C1000,Rahul Nair,Female,48,Lawyer,Middle
